origin_lat,origin_lng,dest_lat,dest_lng
48.75653369999993,9.216932199999986,48.82473369999994,9.152635200000017
53.39511600000001,8.708477599999993,53.48773059999998,8.733756700000018
